"organization_id","edu_name2","flag1","flag2","flag3","flag6","flag7","flag8","flag9","flag15","flag16","flag18","flag20","flag24","flag39","flag45","flag47","flag48","flag49","flag50","flag51","flag52","flag57","flag59","flag62","flag64","flag80","flag82","flag83","flag84","flag85","flag86","flag89","flag90","flag91","flag92","flag93","flag94","flag95","flag96","flag97","flag98","flag99","flag100","flag102","flag103","spe3","spe5","spe6","flag_P_txt"
"033302","桃園市市立龍潭高中","通過","通過","通過","通過","通過","通過","通過","通過","通過","通過","通過","通過","通過","通過","通過","通過","通過","通過","通過","通過","通過","通過","通過","通過","通過","通過","通過","通過","通過","通過","通過","通過","通過","通過","通過","通過","統計處專任教師人數：120人；本資料庫專任教師、代理教師、校長、教官、主任教官人數：128；差異百分比6.2%","通過","通過","通過","通過","通過","通過","通過","通過","通過","通過","經本計畫複檢，仍發現共有1個可能需要修正之處，懇請貴處室協助增補，尚祈見諒！修正後的檔案需重新完成整個填報流程。如有疑問，請與本計畫人員聯繫，謝謝！"
"033304","桃園市市立桃園高中","通過","通過","通過","通過","通過","通過","通過","通過","通過","通過","通過","通過","通過","通過","通過","通過","通過","通過","通過","通過","通過","通過","通過","通過","通過","通過","通過","通過","通過","通過","通過","通過","通過","通過","通過","通過","統計處專任教師人數：159人；本資料庫專任教師、代理教師、校長、教官、主任教官人數：169；差異百分比5.9%","通過","通過","通過","通過","通過","通過","通過","通過","通過","職員(工)資料表之大學（學士）以上各教育階段學歷資料不完整或不正確：周芷恆（副學士或專科畢業科系（一）：憲兵專科）","經本計畫複檢，仍發現共有2個可能需要修正之處，懇請貴處室協助增補，尚祈見諒！修正後的檔案需重新完成整個填報流程。如有疑問，請與本計畫人員聯繫，謝謝！"
"033306","桃園市市立武陵高中","通過","通過","通過","通過","通過","通過","通過","通過","通過","通過","通過","通過","通過","通過","通過","通過","通過","通過","通過","通過","通過","通過","通過","通過","通過","通過","通過","通過","通過","姓名：吳文村 謝東甫（經比對貴校上一學年所填資料，上述人員並未出現於本學期的教員資料表或職員(工)資料表，請確認渠等是否於113學年度第一學期（113年8月1日(含)至114年1月31日(含)）退休或因故離職等，若於該期間退休或因故離職等，應於離退教職員(工)資料表填寫資料。如非於該期間退休或因故離職，或已介聘、調至他校，請來電告知。）","通過","通過","通過","通過","通過","通過","統計處專任教師人數：165人；本資料庫專任教師、代理教師、校長、教官、主任教官人數：165；差異百分比0.0%","通過","通過","通過","通過","通過","通過","通過","通過","通過","通過","經本計畫複檢，仍發現共有2個可能需要修正之處，懇請貴處室協助增補，尚祈見諒！修正後的檔案需重新完成整個填報流程。如有疑問，請與本計畫人員聯繫，謝謝！"
"033316","桃園市市立楊梅高中","通過","通過","通過","通過","通過","通過","通過","通過","通過","通過","通過","通過","通過","通過","通過","通過","通過","通過","通過","通過","通過","通過","通過","通過","通過","通過","通過","通過","通過","姓名：彭美惠（經比對貴校上一學年所填資料，上述人員並未出現於本學期的教員資料表或職員(工)資料表，請確認渠等是否於113學年度第一學期（113年8月1日(含)至114年1月31日(含)）退休或因故離職等，若於該期間退休或因故離職等，應於離退教職員(工)資料表填寫資料。如非於該期間退休或因故離職，或已介聘、調至他校，請來電告知。）","通過","通過","通過","通過","離退教職員(工)資料表： 伍韻璇 李利時 李鈺勳 林宜瑩 莊睿寧 陳龍昇 薛智文 謝興隆 蘇婷亭（查貴校上一學年所填資料，上述人員未在貴校教職員(工)資料中，請確認上述人員是否於113學年度第一學期（113年8月1日(含)至114年1月31日(含)）有退休或因故離職之情形，或是否屬於貴校教職員(工)，併請確認貴校教職員工名單是否完整正確。）","通過","統計處專任教師人數：131人；本資料庫專任教師、代理教師、校長、教官、主任教官人數：131；差異百分比0.0%","通過","通過","通過","通過","通過","通過","通過","通過","通過","通過","經本計畫複檢，仍發現共有3個可能需要修正之處，懇請貴處室協助增補，尚祈見諒！修正後的檔案需重新完成整個填報流程。如有疑問，請與本計畫人員聯繫，謝謝！"
"033325","桃園市市立陽明高中","通過","通過","通過","通過","通過","通過","通過","通過","通過","通過","通過","通過","通過","通過","通過","通過","通過","通過","通過","通過","通過","通過","通過","通過","通過","通過","通過","通過","通過","通過","通過","通過","通過","通過","通過","通過","統計處專任教師人數：147人；本資料庫專任教師、代理教師、校長、教官、主任教官人數：151；差異百分比2.6%","通過","通過","通過","通過","通過","通過","通過","通過","通過","通過","經本計畫複檢，仍發現共有1個可能需要修正之處，懇請貴處室協助增補，尚祈見諒！修正後的檔案需重新完成整個填報流程。如有疑問，請與本計畫人員聯繫，謝謝！"
"033327","桃園市市立內壢高中","通過","通過","通過","通過","通過","通過","通過","通過","通過","通過","通過","通過","通過","通過","通過","通過","通過","通過","通過","通過","通過","通過","通過","通過","通過","通過","通過","通過","通過","姓名：王心漪 吳思霈 林孟融 陳賢明 黃俊翔 黃慧娘 謝昇如（經比對貴校上一學年所填資料，上述人員並未出現於本學期的教員資料表或職員(工)資料表，請確認渠等是否於113學年度第一學期（113年8月1日(含)至114年1月31日(含)）退休或因故離職等，若於該期間退休或因故離職等，應於離退教職員(工)資料表填寫資料。如非於該期間退休或因故離職，或已介聘、調至他校，請來電告知。）","通過","通過","通過","通過","離退教職員(工)資料表： 王炎川 李宜安（查貴校上一學年所填資料，上述人員未在貴校教職員(工)資料中，請確認上述人員是否於113學年度第一學期（113年8月1日(含)至114年1月31日(含)）有退休或因故離職之情形，或是否屬於貴校教職員(工)，併請確認貴校教職員工名單是否完整正確。）","通過","統計處專任教師人數：144人；本資料庫專任教師、代理教師、校長、教官、主任教官人數：145；差異百分比0.7%","通過","通過","通過","通過","通過","通過","通過","通過","通過","通過","經本計畫複檢，仍發現共有3個可能需要修正之處，懇請貴處室協助增補，尚祈見諒！修正後的檔案需重新完成整個填報流程。如有疑問，請與本計畫人員聯繫，謝謝！"
"033407","桃園市市立中壢高商","通過","通過","通過","通過","通過","通過","通過","通過","通過","通過","通過","通過","通過","通過","通過","通過","通過","通過","通過","通過","通過","通過","通過","通過","通過","通過","通過","通過","通過","姓名：王建岳 王瑞貞 朱怡君 林穗岑 范錫卿 章淑枝 郭鴻淇 陳元春 陳俊仁 賴思勻（經比對貴校上一學年所填資料，上述人員並未出現於本學期的教員資料表或職員(工)資料表，請確認渠等是否於113學年度第一學期（113年8月1日(含)至114年1月31日(含)）退休或因故離職等，若於該期間退休或因故離職等，應於離退教職員(工)資料表填寫資料。如非於該期間退休或因故離職，或已介聘、調至他校，請來電告知。）","通過","通過","通過","通過","離退教職員(工)資料表： 周秀英 林月霞 林均桓 陳柏臻 陳錦昌 湯孟瑜 劉素玲 鄭書季 蕭永福 蘇鴻銘（查貴校上一學年所填資料，上述人員未在貴校教職員(工)資料中，請確認上述人員是否於113學年度第一學期（113年8月1日(含)至114年1月31日(含)）有退休或因故離職之情形，或是否屬於貴校教職員(工)，併請確認貴校教職員工名單是否完整正確。）","通過","統計處專任教師人數：153人；本資料庫專任教師、代理教師、校長、教官、主任教官人數：157；差異百分比2.5%","通過","通過","通過","通過","通過","通過","通過","通過","通過","職員(工)資料表之大學（學士）以上各教育階段學歷資料不完整或不正確：彭美珍（學士學位畢業學校（一）：國立臺北商業技術學院附設空中學校）","經本計畫複檢，仍發現共有4個可能需要修正之處，懇請貴處室協助增補，尚祈見諒！修正後的檔案需重新完成整個填報流程。如有疑問，請與本計畫人員聯繫，謝謝！"
"033408","桃園市市立中壢家商","通過","通過","通過","通過","通過","通過","通過","通過","通過","通過","通過","通過","請確認該員之「本校到職日期」、「本校任職需扣除之年資」、「本校到職前學校服務總年資」，職員(工)資料表：陳昱希18歲，但學校工作總年資有2年（約16歲開始工作）","通過","通過","通過","通過","通過","通過","通過","通過","通過","通過","通過","通過","通過","通過","通過","通過","姓名：呂美娥 周美雪 林雅月 龔月速（經比對貴校上一學年所填資料，上述人員並未出現於本學期的教員資料表或職員(工)資料表，請確認渠等是否於113學年度第一學期（113年8月1日(含)至114年1月31日(含)）退休或因故離職等，若於該期間退休或因故離職等，應於離退教職員(工)資料表填寫資料。如非於該期間退休或因故離職，或已介聘、調至他校，請來電告知。）","通過","通過","通過","通過","離退教職員(工)資料表： 鄭旭助 謝鈺釵（查貴校上一學年所填資料，上述人員未在貴校教職員(工)資料中，請確認上述人員是否於113學年度第一學期（113年8月1日(含)至114年1月31日(含)）有退休或因故離職之情形，或是否屬於貴校教職員(工)，併請確認貴校教職員工名單是否完整正確。）","通過","統計處專任教師人數：79人；本資料庫專任教師、代理教師、校長、教官、主任教官人數：81；差異百分比2.5%","通過","通過","通過","通過","通過","通過","通過","通過","通過","教員資料表之大學（學士）以上各教育階段學歷資料不完整或不正確：伍展儀（碩士學位畢業系所（一）：教育研究所教師在職進修教學及學校行政碩士學位班） 黃挹芬（碩士學位畢業系所（一）：學校行政碩士在職專班）","經本計畫複檢，仍發現共有5個可能需要修正之處，懇請貴處室協助增補，尚祈見諒！修正後的檔案需重新完成整個填報流程。如有疑問，請與本計畫人員聯繫，謝謝！"
"034306","桃園市市立南崁高中","通過","通過","通過","通過","通過","通過","通過","通過","通過","通過","通過","通過","通過","通過","通過","通過","通過","通過","通過","通過","通過","通過","通過","通過","通過","通過","通過","通過","通過","姓名：Andrew Ethan Miller 紀加恩（經比對貴校上一學年所填資料，上述人員並未出現於本學期的教員資料表或職員(工)資料表，請確認渠等是否於113學年度第一學期（113年8月1日(含)至114年1月31日(含)）退休或因故離職等，若於該期間退休或因故離職等，應於離退教職員(工)資料表填寫資料。如非於該期間退休或因故離職，或已介聘、調至他校，請來電告知。）","通過","通過","通過","通過","離退教職員(工)資料表： 呂靜葉（查貴校上一學年所填資料，上述人員未在貴校教職員(工)資料中，請確認上述人員是否於113學年度第一學期（113年8月1日(含)至114年1月31日(含)）有退休或因故離職之情形，或是否屬於貴校教職員(工)，併請確認貴校教職員工名單是否完整正確。）","通過","統計處專任教師人數：109人；本資料庫專任教師、代理教師、校長、教官、主任教官人數：111；差異百分比1.8%","通過","通過","通過","通過","通過","通過","通過","通過","通過","教員資料表之大學（學士）以上各教育階段學歷資料不完整或不正確：何思穎（學士學位畢業科系（一）：輔導與諮商學系學校輔導與諮商組） 陳家祥（碩士學位畢業系所（一）：教育學系學校行政班）","經本計畫複檢，仍發現共有4個可能需要修正之處，懇請貴處室協助增補，尚祈見諒！修正後的檔案需重新完成整個填報流程。如有疑問，請與本計畫人員聯繫，謝謝！"
"034312","桃園市市立大溪高中","通過","通過","通過","通過","通過","通過","通過","通過","通過","通過","通過","通過","通過","通過","通過","通過","通過","通過","通過","通過","通過","通過","通過","通過","通過","通過","通過","通過","通過","通過","通過","通過","通過","通過","通過","通過","統計處專任教師人數：81人；本資料庫專任教師、代理教師、校長、教官、主任教官人數：83；差異百分比2.4%","通過","通過","通過","通過","通過","通過","通過","通過","通過","教員資料表之大學（學士）以上各教育階段學歷資料不完整或不正確：蕭英全（碩士學位畢業系所（一）：學校行政碩士在職專班）","經本計畫複檢，仍發現共有2個可能需要修正之處，懇請貴處室協助增補，尚祈見諒！修正後的檔案需重新完成整個填報流程。如有疑問，請與本計畫人員聯繫，謝謝！"
"034314","桃園市市立壽山高中","通過","通過","通過","通過","通過","通過","通過","通過","通過","通過","通過","通過","通過","通過","通過","通過","通過","通過","通過","通過","通過","通過","通過","通過","通過","通過","通過","通過","通過","姓名：張云孆 黃政揚（經比對貴校上一學年所填資料，上述人員並未出現於本學期的教員資料表或職員(工)資料表，請確認渠等是否於113學年度第一學期（113年8月1日(含)至114年1月31日(含)）退休或因故離職等，若於該期間退休或因故離職等，應於離退教職員(工)資料表填寫資料。如非於該期間退休或因故離職，或已介聘、調至他校，請來電告知。）","通過","通過","通過","通過","通過","通過","統計處專任教師人數：138人；本資料庫專任教師、代理教師、校長、教官、主任教官人數：138；差異百分比0.0%","通過","通過","通過","通過","通過","通過","通過","通過","通過","教員資料表之大學（學士）以上各教育階段學歷資料不完整或不正確：呂雅惠（碩士學位畢業系所（一）：學校行政碩士）","經本計畫複檢，仍發現共有3個可能需要修正之處，懇請貴處室協助增補，尚祈見諒！修正後的檔案需重新完成整個填報流程。如有疑問，請與本計畫人員聯繫，謝謝！"
"034319","桃園市市立平鎮高中","通過","通過","通過","通過","通過","通過","通過","通過","通過","通過","通過","通過","通過","通過","通過","通過","通過","通過","通過","通過","通過","通過","通過","通過","通過","通過","通過","教員：李麗滿（查貴校上一學年所填資料，上述人員聘任類別非屬『專任』。依欄位說明，非專任教職員(工)之退休或離職者，不須填列離退教職員(工)資料表，請務必再確認。）","通過","姓名：馬海琴 陳培文 曾偉誠（經比對貴校上一學年所填資料，上述人員並未出現於本學期的教員資料表或職員(工)資料表，請確認渠等是否於113學年度第一學期（113年8月1日(含)至114年1月31日(含)）退休或因故離職等，若於該期間退休或因故離職等，應於離退教職員(工)資料表填寫資料。如非於該期間退休或因故離職，或已介聘、調至他校，請來電告知。）","通過","通過","通過","通過","離退教職員(工)資料表： 何玉雲 周樂正 洪郁發 游正祥 黃思蕾 劉得琪（查貴校上一學年所填資料，上述人員未在貴校教職員(工)資料中，請確認上述人員是否於113學年度第一學期（113年8月1日(含)至114年1月31日(含)）有退休或因故離職之情形，或是否屬於貴校教職員(工)，併請確認貴校教職員工名單是否完整正確。）","通過","統計處專任教師人數：123人；本資料庫專任教師、代理教師、校長、教官、主任教官人數：121；差異百分比-1.7%","通過","通過","通過","通過","通過","通過","通過","通過","通過","通過","經本計畫複檢，仍發現共有4個可能需要修正之處，懇請貴處室協助增補，尚祈見諒！修正後的檔案需重新完成整個填報流程。如有疑問，請與本計畫人員聯繫，謝謝！"
"034332","桃園市市立觀音高中","通過","通過","通過","通過","通過","通過","通過","通過","通過","通過","通過","通過","通過","通過","通過","通過","通過","通過","通過","通過","通過","通過","通過","通過","通過","通過","通過","通過","通過","姓名：林晏儀 陳彥合 陳柏蓁 葉軒均（經比對貴校上一學年所填資料，上述人員並未出現於本學期的教員資料表或職員(工)資料表，請確認渠等是否於113學年度第一學期（113年8月1日(含)至114年1月31日(含)）退休或因故離職等，若於該期間退休或因故離職等，應於離退教職員(工)資料表填寫資料。如非於該期間退休或因故離職，或已介聘、調至他校，請來電告知。）","通過","通過","通過","通過","離退教職員(工)資料表： 吳昌益 李嘉琳 周小貞 林曉筠 范姜綺君 陳羿筑 黃祥寧 鄧雅云（查貴校上一學年所填資料，上述人員未在貴校教職員(工)資料中，請確認上述人員是否於113學年度第一學期（113年8月1日(含)至114年1月31日(含)）有退休或因故離職之情形，或是否屬於貴校教職員(工)，併請確認貴校教職員工名單是否完整正確。）","通過","統計處專任教師人數：139人；本資料庫專任教師、代理教師、校長、教官、主任教官人數：145；差異百分比4.1%","通過","通過","通過","通過","通過","通過","通過","通過","通過","通過","經本計畫複檢，仍發現共有3個可能需要修正之處，懇請貴處室協助增補，尚祈見諒！修正後的檔案需重新完成整個填報流程。如有疑問，請與本計畫人員聯繫，謝謝！"
"034335","桃園市市立新屋高級中等學校","通過","通過","通過","通過","通過","通過","通過","通過","通過","通過","通過","通過","通過","通過","通過","通過","通過","通過","通過","通過","通過","通過","通過","通過","通過","通過","通過","通過","通過","通過","通過","通過","通過","通過","通過","通過","統計處專任教師人數：118人；本資料庫專任教師、代理教師、校長、教官、主任教官人數：120；差異百分比1.7%","通過","通過","通過","通過","通過","通過","通過","通過","通過","通過","經本計畫複檢，仍發現共有1個可能需要修正之處，懇請貴處室協助增補，尚祈見諒！修正後的檔案需重新完成整個填報流程。如有疑問，請與本計畫人員聯繫，謝謝！"
"034347","桃園市市立永豐高中","通過","通過","通過","通過","通過","通過","通過","通過","通過","通過","通過","通過","通過","通過","通過","通過","通過","通過","通過","通過","通過","通過","通過","通過","通過","通過","通過","通過","通過","通過","通過","通過","通過","通過","通過","通過","統計處專任教師人數：190人；本資料庫專任教師、代理教師、校長、教官、主任教官人數：196；差異百分比3.1%","通過","通過","通過","通過","通過","通過","通過","通過","通過","職員(工)資料表之大學（學士）以上各教育階段學歷資料不完整或不正確：陳慶明（副學士或專科畢業科系（一）：美術專科）","經本計畫複檢，仍發現共有2個可能需要修正之處，懇請貴處室協助增補，尚祈見諒！修正後的檔案需重新完成整個填報流程。如有疑問，請與本計畫人員聯繫，謝謝！"
"034348","桃園市市立羅浮高中","尚待增補之學校主管：人事室主管（請確認是否填報完整名單，倘貴校上開主任尚未到職，請來電告知）","通過","通過","通過","通過","通過","通過","通過","通過","通過","通過","通過","通過","通過","通過","通過","通過","通過","通過","通過","通過","通過","通過","通過","通過","通過","通過","通過","通過","通過","通過","通過","通過","通過","通過","通過","統計處專任教師人數：59人；本資料庫專任教師、代理教師、校長、教官、主任教官人數：31；差異百分比-90.3%","通過","通過","通過","通過","通過","教員資料表：邱嘉增（1220731）（請確認並依欄位說明修正上開人員之聘任訖日，若確實為其聘任期程之最後一日，請來電告知。）","通過","通過","通過","通過","經本計畫複檢，仍發現共有3個可能需要修正之處，懇請貴處室協助增補，尚祈見諒！修正後的檔案需重新完成整個填報流程。如有疑問，請與本計畫人員聯繫，謝謝！"
"034399","桃園市市立大園國際高中","通過","通過","通過","通過","通過","通過","通過","通過","通過","通過","通過","通過","通過","通過","通過","通過","通過","通過","通過","通過","通過","通過","職員(工)資料表之行政職資料不完整或不正確：胡庭瑜（服務單位：國際交流處）
（請再協助確認上述人員職務正確完整名稱）","通過","通過","通過","通過","通過","通過","通過","通過","通過","通過","通過","通過","通過","統計處專任教師人數：106人；本資料庫專任教師、代理教師、校長、教官、主任教官人數：116；差異百分比8.6%","通過","通過","通過","通過","通過","通過","通過","通過","通過","通過","經本計畫複檢，仍發現共有2個可能需要修正之處，懇請貴處室協助增補，尚祈見諒！修正後的檔案需重新完成整個填報流程。如有疑問，請與本計畫人員聯繫，謝謝！"
"074308","彰化縣縣立彰化藝術高中","通過","通過","通過","通過","通過","通過","通過","通過","通過","通過","通過","通過","請確認該員之「本校到職日期」、「本校任職需扣除之年資」、「本校到職前學校服務總年資」，職員(工)資料表：賈慶貞59歲，但學校工作總年資有43年（約16歲開始工作）","通過","通過","通過","通過","通過","通過","通過","通過","通過","通過","通過","通過","通過","通過","通過","通過","姓名：呂子欣（經比對貴校上一學年所填資料，上述人員並未出現於本學期的教員資料表或職員(工)資料表，請確認渠等是否於113學年度第一學期（113年8月1日(含)至114年1月31日(含)）退休或因故離職等，若於該期間退休或因故離職等，應於離退教職員(工)資料表填寫資料。如非於該期間退休或因故離職，或已介聘、調至他校，請來電告知。）","通過","通過","通過","通過","通過","通過","統計處專任教師人數：117人；本資料庫專任教師、代理教師、校長、教官、主任教官人數：122；差異百分比4.1%","通過","通過","通過","通過","通過","教員資料表：尹羿堤（1150731） 王亞權（1170731） 王侑婷（1160731） 江淑芳（1160731） 吳奕錡（1150731） 吳家楹（1150731） 吳珮茹（1150731） 李如婷（1160731） 李忠家（1170731） 杞怡靜（1150731） 林士傑（1150731） 林金龍（1150731） 林家安（1150731） 柯人華（1150731） 柳皓中（1170731） 徐瑋琳（1170731） 高淑惠（1160731） 高鴻賓（1160731） 張少偉（1150731） 張伃靚（1170731） 張欣梅（1160731） 張時超（1160731） 曹正盈（1150731） 梁世明（1160731） 許惠雅（1150731） 許閎揚（1150731） 郭慧娟（1170731） 陳加芳（1150731） 陳秀如（1170731） 陳其懋（1160731） 陳怡珊（1150731） 陳殷諄（1150731） 陳惠玉（1170731） 陳琳琪（1150731） 曾永祥（1150731） 黃姝毓（1160731） 黃毓婷（1150731） 黃議德（1150731） 葉芳伶（1160731） 葉瓊文（1150731） 廖子瑩（1170731） 廖素慧（1160731） 劉有庚（1150731） 劉雅倫（1150731） 潘仁欽（1160731） 蔡沐恒（1160731） 賴彥如（1170731） 韓淑惠（1160731） 簡杏羽（1170731） 顏汝庭（1170731） 羅睿琳（1150731）（請確認並依欄位說明修正上開人員之聘任訖日，若確實為其聘任期程之最後一日，請來電告知。）","通過","通過","通過","通過","經本計畫複檢，仍發現共有4個可能需要修正之處，懇請貴處室協助增補，尚祈見諒！修正後的檔案需重新完成整個填報流程。如有疑問，請與本計畫人員聯繫，謝謝！"
"074313","彰化縣縣立二林高中","通過","通過","通過","通過","通過","通過","通過","通過","通過","通過","通過","通過","通過","通過","通過","通過","通過","通過","通過","通過","通過","通過","通過","通過","通過","通過","通過","通過","通過","通過","通過","通過","通過","通過","通過","通過","統計處專任教師人數：113人；本資料庫專任教師、代理教師、校長、教官、主任教官人數：116；差異百分比2.6%","通過","通過","通過","通過","通過","通過","通過","通過","通過","通過","經本計畫複檢，仍發現共有1個可能需要修正之處，懇請貴處室協助增補，尚祈見諒！修正後的檔案需重新完成整個填報流程。如有疑問，請與本計畫人員聯繫，謝謝！"
"074323","彰化縣縣立和美高中","通過","通過","通過","通過","通過","通過","通過","通過","通過","通過","通過","通過","通過","通過","通過","通過","通過","通過","通過","通過","通過","通過","通過","通過","通過","通過","通過","通過","通過","通過","通過","通過","通過","通過","通過","通過","統計處專任教師人數：139人；本資料庫專任教師、代理教師、校長、教官、主任教官人數：140；差異百分比0.7%","通過","通過","通過","通過","通過","通過","通過","通過","通過","教員資料表之大學（學士）以上各教育階段學歷資料不完整或不正確：常方舜（碩士學位畢業系所（一）：教育研究所學校行政碩士班）","經本計畫複檢，仍發現共有2個可能需要修正之處，懇請貴處室協助增補，尚祈見諒！修正後的檔案需重新完成整個填報流程。如有疑問，請與本計畫人員聯繫，謝謝！"
"074328","彰化縣縣立田中高中","通過","通過","通過","通過","通過","通過","通過","通過","通過","通過","通過","通過","通過","通過","通過","通過","通過","通過","通過","通過","通過","通過","通過","通過","教員資料表需核對「本校到職日期」：蕭彣伃（長期代課教師 到職日:1110830）
（請依欄位說明，再協助確認是否為本次任職聘書/聘約之到職日期。）
","通過","通過","通過","通過","姓名：邱在君 張佩香 郭慧敏 黃詩維 蔡環宇（經比對貴校上一學年所填資料，上述人員並未出現於本學期的教員資料表或職員(工)資料表，請確認渠等是否於113學年度第一學期（113年8月1日(含)至114年1月31日(含)）退休或因故離職等，若於該期間退休或因故離職等，應於離退教職員(工)資料表填寫資料。如非於該期間退休或因故離職，或已介聘、調至他校，請來電告知。）","通過","通過","通過","通過","離退教職員(工)資料表： 李昆奮 周經芝 林志青 鄧冠明 鄭如琬（查貴校上一學年所填資料，上述人員未在貴校教職員(工)資料中，請確認上述人員是否於113學年度第一學期（113年8月1日(含)至114年1月31日(含)）有退休或因故離職之情形，或是否屬於貴校教職員(工)，併請確認貴校教職員工名單是否完整正確。）","通過","統計處專任教師人數：94人；本資料庫專任教師、代理教師、校長、教官、主任教官人數：98；差異百分比4.1%","教員資料表：陳彥成（代理(連) 學生事務處學務主任）（校內一級主管（主任）原則由專任教職員擔（兼）任，請協助再確認上述教職員是否擔（兼）任校內一級主管（主任），或協助再確認上述教職員之聘任類別）","通過","通過","通過","通過","通過","通過","通過","通過","教員資料表之大學（學士）以上各教育階段學歷資料不完整或不正確：李秀麗（碩士學位畢業系所（一）：教育研究所學校行政所）","經本計畫複檢，仍發現共有6個可能需要修正之處，懇請貴處室協助增補，尚祈見諒！修正後的檔案需重新完成整個填報流程。如有疑問，請與本計畫人員聯繫，謝謝！"
"074339","彰化縣縣立成功高中","尚待增補之學校主管：人事室主管（請確認是否填報完整名單，倘貴校上開主任尚未到職，請來電告知）","通過","通過","通過","通過","通過","通過","通過","通過","通過","通過","通過","通過","教員資料表需修改聘任科別(括號內為該員所對應之聘任科別欄位內容)：阮瑛修（自然）（請依欄位說明，修正聘任科別中文名稱。）","通過","通過","通過","通過","通過","通過","通過","通過","通過","通過","通過","通過","通過","通過","通過","姓名：尤伶美 吳玉聆 吳育倫 李惠雯（經比對貴校上一學年所填資料，上述人員並未出現於本學期的教員資料表或職員(工)資料表，請確認渠等是否於113學年度第一學期（113年8月1日(含)至114年1月31日(含)）退休或因故離職等，若於該期間退休或因故離職等，應於離退教職員(工)資料表填寫資料。如非於該期間退休或因故離職，或已介聘、調至他校，請來電告知。）","通過","通過","通過","通過","離退教職員(工)資料表： 王俊興 周東平 洪崇恆（查貴校上一學年所填資料，上述人員未在貴校教職員(工)資料中，請確認上述人員是否於113學年度第一學期（113年8月1日(含)至114年1月31日(含)）有退休或因故離職之情形，或是否屬於貴校教職員(工)，併請確認貴校教職員工名單是否完整正確。）","通過","統計處專任教師人數：105人；本資料庫專任教師、代理教師、校長、教官、主任教官人數：104；差異百分比-1.0%","通過","通過","通過","通過","通過","通過","通過","通過","通過","通過","經本計畫複檢，仍發現共有5個可能需要修正之處，懇請貴處室協助增補，尚祈見諒！修正後的檔案需重新完成整個填報流程。如有疑問，請與本計畫人員聯繫，謝謝！"
"084309","南投縣縣立旭光高中","通過","通過","通過","通過","通過","通過","通過","通過","通過","通過","通過","通過","通過","通過","通過","通過","通過","通過","通過","通過","通過","通過","通過","通過","通過","通過","通過","通過","通過","通過","通過","通過","通過","通過","通過","通過","統計處專任教師人數：141人；本資料庫專任教師、代理教師、校長、教官、主任教官人數：142；差異百分比0.7%","通過","通過","通過","通過","通過","通過","通過","通過","通過","教員資料表之大學（學士）以上各教育階段學歷資料不完整或不正確：劉宗明（碩士學位畢業系所（一）：教育研究所學校行政碩士）","經本計畫複檢，仍發現共有2個可能需要修正之處，懇請貴處室協助增補，尚祈見諒！修正後的檔案需重新完成整個填報流程。如有疑問，請與本計畫人員聯繫，謝謝！"
"144322","臺東縣縣立蘭嶼高中","尚待增補之學校主管：圖書館主管 人事室主管（請確認是否填報完整名單，倘貴校上開主任尚未到職，請來電告知）","通過","通過","通過","通過","通過","通過","通過","通過","通過","通過","通過","通過","通過","通過","通過","通過","通過","通過","通過","通過","通過","通過","通過","通過","通過","通過","通過","通過","通過","通過","通過","通過","通過","通過","通過","統計處專任教師人數：30人；本資料庫專任教師、代理教師、校長、教官、主任教官人數：30；差異百分比0.0%","通過","通過","通過","通過","通過","教員資料表：司秀梅（1150731） 江彩怡（1150731） 李文怡（1150731） 沈爭貞（1150731） 阮愛華（1150731） 周怡平（1150731） 林家宜（1150731） 林桓妃（1150731） 林莉茗（1150731） 林裕欣（1150731） 邱靖軒（1150731） 胡馨文（1150731） 范家榮（1150731） 連紋乾（1160731） 陳淑貞（1150731） 陳惠玲（1150731） 曾如（1150731） 楊惠閔（1150731） 董蘭英（1150731） 劉銘婠（1150731） 潘金龍（1150731） 蔡浩萱（1150731） 鄧亦婷（1150731） 謝銘昇（1150731） 鍾楚紅（1150731）（請確認並依欄位說明修正上開人員之聘任訖日，若確實為其聘任期程之最後一日，請來電告知。）","通過","通過","通過","通過","經本計畫複檢，仍發現共有3個可能需要修正之處，懇請貴處室協助增補，尚祈見諒！修正後的檔案需重新完成整個填報流程。如有疑問，請與本計畫人員聯繫，謝謝！"
"173304","基隆市市立中山高中","通過","通過","通過","通過","通過","通過","通過","通過","通過","通過","通過","通過","通過","通過","通過","通過","通過","通過","通過","通過","通過","通過","通過","通過","通過","通過","通過","通過","通過","通過","通過","通過","通過","通過","通過","通過","統計處專任教師人數：77人；本資料庫專任教師、代理教師、校長、教官、主任教官人數：78；差異百分比1.3%","通過","通過","通過","通過","通過","通過","通過","通過","通過","通過","經本計畫複檢，仍發現共有1個可能需要修正之處，懇請貴處室協助增補，尚祈見諒！修正後的檔案需重新完成整個填報流程。如有疑問，請與本計畫人員聯繫，謝謝！"
"173306","基隆市市立安樂高中","通過","通過","通過","通過","通過","通過","通過","通過","通過","通過","通過","通過","通過","通過","通過","通過","通過","通過","通過","通過","通過","通過","通過","通過","通過","通過","通過","通過","通過","姓名：張妙妃（經比對貴校上一學年所填資料，上述人員並未出現於本學期的教員資料表或職員(工)資料表，請確認渠等是否於113學年度第一學期（113年8月1日(含)至114年1月31日(含)）退休或因故離職等，若於該期間退休或因故離職等，應於離退教職員(工)資料表填寫資料。如非於該期間退休或因故離職，或已介聘、調至他校，請來電告知。）","通過","通過","通過","通過","離退教職員(工)資料表： 石清杉（查貴校上一學年所填資料，上述人員未在貴校教職員(工)資料中，請確認上述人員是否於113學年度第一學期（113年8月1日(含)至114年1月31日(含)）有退休或因故離職之情形，或是否屬於貴校教職員(工)，併請確認貴校教職員工名單是否完整正確。）","通過","統計處專任教師人數：86人；本資料庫專任教師、代理教師、校長、教官、主任教官人數：90；差異百分比4.4%","通過","通過","通過","通過","通過","通過","通過","通過","通過","通過","經本計畫複檢，仍發現共有3個可能需要修正之處，懇請貴處室協助增補，尚祈見諒！修正後的檔案需重新完成整個填報流程。如有疑問，請與本計畫人員聯繫，謝謝！"
"173307","基隆市市立暖暖高中","通過","通過","通過","通過","通過","通過","通過","通過","通過","通過","通過","通過","請確認該員之「本校到職日期」、「本校任職需扣除之年資」、「本校到職前學校服務總年資」，職員(工)資料表：闕淑煜62歲，但學校工作總年資有46年（約16歲開始工作）","通過","通過","通過","通過","通過","通過","通過","通過","通過","通過","通過","通過","通過","通過","通過","通過","姓名：邱詩婷 蔡佩珊（經比對貴校上一學年所填資料，上述人員並未出現於本學期的教員資料表或職員(工)資料表，請確認渠等是否於113學年度第一學期（113年8月1日(含)至114年1月31日(含)）退休或因故離職等，若於該期間退休或因故離職等，應於離退教職員(工)資料表填寫資料。如非於該期間退休或因故離職，或已介聘、調至他校，請來電告知。）","通過","通過","通過","通過","離退教職員(工)資料表： 徐櫻瑞（查貴校上一學年所填資料，上述人員未在貴校教職員(工)資料中，請確認上述人員是否於113學年度第一學期（113年8月1日(含)至114年1月31日(含)）有退休或因故離職之情形，或是否屬於貴校教職員(工)，併請確認貴校教職員工名單是否完整正確。）","通過","統計處專任教師人數：63人；本資料庫專任教師、代理教師、校長、教官、主任教官人數：64；差異百分比1.6%","通過","通過","通過","通過","通過","通過","通過","通過","通過","通過","經本計畫複檢，仍發現共有4個可能需要修正之處，懇請貴處室協助增補，尚祈見諒！修正後的檔案需重新完成整個填報流程。如有疑問，請與本計畫人員聯繫，謝謝！"
"173314","基隆市市立八斗高中","通過","通過","通過","通過","通過","通過","通過","通過","通過","通過","通過","通過","通過","通過","通過","通過","通過","通過","通過","通過","通過","通過","通過","通過","通過","通過","通過","通過","通過","姓名：梁上棟 郭俶妗 蔡佩君（經比對貴校上一學年所填資料，上述人員並未出現於本學期的教員資料表或職員(工)資料表，請確認渠等是否於113學年度第一學期（113年8月1日(含)至114年1月31日(含)）退休或因故離職等，若於該期間退休或因故離職等，應於離退教職員(工)資料表填寫資料。如非於該期間退休或因故離職，或已介聘、調至他校，請來電告知。）","通過","通過","通過","通過","離退教職員(工)資料表： 李昭儀 孫佳穗（查貴校上一學年所填資料，上述人員未在貴校教職員(工)資料中，請確認上述人員是否於113學年度第一學期（113年8月1日(含)至114年1月31日(含)）有退休或因故離職之情形，或是否屬於貴校教職員(工)，併請確認貴校教職員工名單是否完整正確。）","通過","統計處專任教師人數：67人；本資料庫專任教師、代理教師、校長、教官、主任教官人數：68；差異百分比1.5%","通過","通過","通過","通過","通過","通過","通過","通過","通過","通過","經本計畫複檢，仍發現共有3個可能需要修正之處，懇請貴處室協助增補，尚祈見諒！修正後的檔案需重新完成整個填報流程。如有疑問，請與本計畫人員聯繫，謝謝！"
"313301","臺北市市立西松高中","尚待增補之學校主管：主（會）計室主管（請確認是否填報完整名單，倘貴校上開主任尚未到職，請來電告知）","通過","通過","通過","通過","通過","通過","通過","通過","通過","通過","通過","通過","通過","通過","通過","通過","通過","通過","通過","通過","通過","通過","通過","通過","通過","通過","通過","通過","通過","通過","通過","通過","通過","通過","通過","統計處專任教師人數：115人；本資料庫專任教師、代理教師、校長、教官、主任教官人數：112；差異百分比-2.7%","通過","通過","通過","通過","通過","通過","通過","通過","通過","通過","經本計畫複檢，仍發現共有2個可能需要修正之處，懇請貴處室協助增補，尚祈見諒！修正後的檔案需重新完成整個填報流程。如有疑問，請與本計畫人員聯繫，謝謝！"
"313302","臺北市市立中崙高中","通過","通過","通過","通過","通過","通過","通過","通過","通過","通過","通過","通過","通過","通過","通過","通過","通過","通過","通過","通過","通過","通過","通過","通過","通過","通過","通過","教員：劉凱玲（查貴校上一學年所填資料，上述人員聘任類別非屬『專任』。依欄位說明，非專任教職員(工)之退休或離職者，不須填列離退教職員(工)資料表，請務必再確認。）","通過","姓名：李鈞慈 林秀玲 劉晶晶 蔣炳政（經比對貴校上一學年所填資料，上述人員並未出現於本學期的教員資料表或職員(工)資料表，請確認渠等是否於113學年度第一學期（113年8月1日(含)至114年1月31日(含)）退休或因故離職等，若於該期間退休或因故離職等，應於離退教職員(工)資料表填寫資料。如非於該期間退休或因故離職，或已介聘、調至他校，請來電告知。）","通過","通過","通過","通過","離退教職員(工)資料表： 吳惠倩 邱肇純 陳信奇 賴宜君 鍾淑秋（查貴校上一學年所填資料，上述人員未在貴校教職員(工)資料中，請確認上述人員是否於113學年度第一學期（113年8月1日(含)至114年1月31日(含)）有退休或因故離職之情形，或是否屬於貴校教職員(工)，併請確認貴校教職員工名單是否完整正確。）","通過","統計處專任教師人數：135人；本資料庫專任教師、代理教師、校長、教官、主任教官人數：142；差異百分比4.9%","通過","通過","通過","通過","通過","通過","請確認該員之「本校到職日期」、「本校任職需扣除之年資」，職員(工)資料表：洪佳利1110517到職（到職至資料基準日為2年5個月，但扣除年資為2年5個月）","通過","通過","教員資料表之大學（學士）以上各教育階段學歷資料不完整或不正確：黃衣婕（碩士學位畢業系所（一）：教育研究所學校行政碩士班）","經本計畫複檢，仍發現共有6個可能需要修正之處，懇請貴處室協助增補，尚祈見諒！修正後的檔案需重新完成整個填報流程。如有疑問，請與本計畫人員聯繫，謝謝！"
"323301","臺北市市立松山高中","通過","通過","通過","通過","通過","通過","通過","通過","通過","通過","通過","通過","通過","通過","通過","通過","通過","通過","通過","通過","通過","通過","通過","通過","通過","通過","通過","通過","通過","通過","通過","通過","通過","通過","通過","通過","統計處專任教師人數：145人；本資料庫專任教師、代理教師、校長、教官、主任教官人數：150；差異百分比3.3%","通過","通過","通過","通過","通過","通過","通過","通過","通過","教員資料表之大學（學士）以上各教育階段學歷資料不完整或不正確：林昇茂（碩士學位畢業系所（一）：教育學系(學校行政班)）； 職員(工)資料表之大學（學士）以上各教育階段學歷資料不完整或不正確：陳宣融（碩士學位畢業系所（一）：教育、學校和諮商心理學系）","經本計畫複檢，仍發現共有2個可能需要修正之處，懇請貴處室協助增補，尚祈見諒！修正後的檔案需重新完成整個填報流程。如有疑問，請與本計畫人員聯繫，謝謝！"
"323302","臺北市市立永春高中","尚待增補之學校主管：主（會）計室主管（請確認是否填報完整名單，倘貴校上開主任尚未到職，請來電告知）","通過","通過","通過","通過","通過","通過","通過","通過","通過","通過","通過","通過","通過","通過","通過","通過","通過","通過","通過","通過","通過","通過","通過","教員資料表需核對「本校到職日期」：柏永康（兼任教師 到職日:1110901）
（請依欄位說明，再協助確認是否為本次任職聘書/聘約之到職日期。）
","通過","通過","通過","通過","通過","通過","通過","通過","通過","通過","通過","統計處專任教師人數：114人；本資料庫專任教師、代理教師、校長、教官、主任教官人數：117；差異百分比2.6%","通過","通過","通過","通過","通過","通過","通過","通過","通過","教員資料表之大學（學士）以上各教育階段學歷資料不完整或不正確：浦憶娟（碩士學位畢業系所（一）：學校行政碩士在職專班）","經本計畫複檢，仍發現共有4個可能需要修正之處，懇請貴處室協助增補，尚祈見諒！修正後的檔案需重新完成整個填報流程。如有疑問，請與本計畫人員聯繫，謝謝！"
"323401","臺北市市立松山家商","尚待增補之學校主管：主（會）計室主管（請確認是否填報完整名單，倘貴校上開主任尚未到職，請來電告知）","通過","通過","通過","通過","通過","通過","通過","通過","通過","通過","通過","通過","通過","通過","通過","通過","通過","通過","通過","通過","通過","通過","通過","通過","通過","通過","通過","通過","通過","通過","通過","請確認：李怜潔/李薾方（離退人員於上一期資料填報姓名與本次資料不相同。請務必確認修正，如已更名，請來電告知。）","通過","通過","通過","統計處專任教師人數：159人；本資料庫專任教師、代理教師、校長、教官、主任教官人數：160；差異百分比0.6%","通過","通過","通過","通過","通過","通過","通過","通過","通過","通過","經本計畫複檢，仍發現共有3個可能需要修正之處，懇請貴處室協助增補，尚祈見諒！修正後的檔案需重新完成整個填報流程。如有疑問，請與本計畫人員聯繫，謝謝！"
"323402","臺北市市立松山工農","通過","通過","通過","通過","教員資料表：張炳森（0270315）（請確認出生年月日是否正確）","通過","通過","通過","通過","通過","通過","通過","請確認該員之「本校到職日期」、「本校任職需扣除之年資」、「本校到職前學校服務總年資」，教員資料表：張炳森87歲，但學校工作總年資有0年（約87歲開始工作）","通過","通過","通過","通過","通過","通過","通過","通過","通過","通過","通過","通過","通過","通過","通過","通過","姓名：呂茹茜 李嘉昀 施政文 胡家群 張詠竣（經比對貴校上一學年所填資料，上述人員並未出現於本學期的教員資料表或職員(工)資料表，請確認渠等是否於113學年度第一學期（113年8月1日(含)至114年1月31日(含)）退休或因故離職等，若於該期間退休或因故離職等，應於離退教職員(工)資料表填寫資料。如非於該期間退休或因故離職，或已介聘、調至他校，請來電告知。）","通過","通過","通過","通過","離退教職員(工)資料表： 蕭芳玲 蘇俊旗（查貴校上一學年所填資料，上述人員未在貴校教職員(工)資料中，請確認上述人員是否於113學年度第一學期（113年8月1日(含)至114年1月31日(含)）有退休或因故離職之情形，或是否屬於貴校教職員(工)，併請確認貴校教職員工名單是否完整正確。）","通過","統計處專任教師人數：189人；本資料庫專任教師、代理教師、校長、教官、主任教官人數：192；差異百分比1.6%","通過","通過","通過","通過","通過","通過","通過","通過","通過","通過","經本計畫複檢，仍發現共有5個可能需要修正之處，懇請貴處室協助增補，尚祈見諒！修正後的檔案需重新完成整個填報流程。如有疑問，請與本計畫人員聯繫，謝謝！"
"333301","臺北市市立和平高中","通過","通過","通過","通過","通過","通過","通過","通過","通過","通過","通過","通過","請確認該員之「本校到職日期」、「本校任職需扣除之年資」、「本校到職前學校服務總年資」，職員(工)資料表：潘麗卿56歲，但學校工作總年資有40年（約16歲開始工作）","通過","通過","通過","通過","通過","通過","通過","通過","通過","通過","通過","通過","通過","通過","通過","通過","通過","通過","通過","通過","通過","通過","通過","統計處專任教師人數：151人；本資料庫專任教師、代理教師、校長、教官、主任教官人數：152；差異百分比0.7%","通過","通過","通過","通過","通過","通過","通過","通過","通過","通過","經本計畫複檢，仍發現共有2個可能需要修正之處，懇請貴處室協助增補，尚祈見諒！修正後的檔案需重新完成整個填報流程。如有疑問，請與本計畫人員聯繫，謝謝！"
"333304","臺北市市立芳和實中","尚待增補之學校主管：教務處主管 總務處主管 圖書館主管（請確認是否填報完整名單，倘貴校上開主任尚未到職，請來電告知）","通過","通過","通過","通過","通過","通過","通過","通過","通過","通過","通過","通過","通過","通過","通過","通過","通過","通過","通過","通過","通過","通過","通過","通過","通過","通過","通過","通過","姓名：陳孟歆 黃筱晴 賴英宏（經比對貴校上一學年所填資料，上述人員並未出現於本學期的教員資料表或職員(工)資料表，請確認渠等是否於113學年度第一學期（113年8月1日(含)至114年1月31日(含)）退休或因故離職等，若於該期間退休或因故離職等，應於離退教職員(工)資料表填寫資料。如非於該期間退休或因故離職，或已介聘、調至他校，請來電告知。）","通過","通過","通過","通過","離退教職員(工)資料表： 余怡青 吳菁容 黃紋嫀（查貴校上一學年所填資料，上述人員未在貴校教職員(工)資料中，請確認上述人員是否於113學年度第一學期（113年8月1日(含)至114年1月31日(含)）有退休或因故離職之情形，或是否屬於貴校教職員(工)，併請確認貴校教職員工名單是否完整正確。）","通過","統計處專任教師人數：93人；本資料庫專任教師、代理教師、校長、教官、主任教官人數：91；差異百分比-2.2%","通過","通過","通過","通過","通過","通過","通過","通過","通過","通過","經本計畫複檢，仍發現共有4個可能需要修正之處，懇請貴處室協助增補，尚祈見諒！修正後的檔案需重新完成整個填報流程。如有疑問，請與本計畫人員聯繫，謝謝！"
"333401","臺北市市立大安高工","通過","通過","通過","通過","通過","通過","通過","通過","通過","通過","通過","通過","通過","通過","通過","通過","通過","通過","通過","通過","通過","通過","通過","通過","通過","通過","通過","通過","通過","通過","通過","通過","通過","通過","通過","通過","統計處專任教師人數：288人；本資料庫專任教師、代理教師、校長、教官、主任教官人數：276；差異百分比-4.3%","通過","通過","通過","通過","通過","通過","通過","通過","通過","通過","經本計畫複檢，仍發現共有1個可能需要修正之處，懇請貴處室協助增補，尚祈見諒！修正後的檔案需重新完成整個填報流程。如有疑問，請與本計畫人員聯繫，謝謝！"
"343301","臺北市市立中山女中","尚待增補之學校主管：主（會）計室主管（請確認是否填報完整名單，倘貴校上開主任尚未到職，請來電告知）","通過","通過","通過","通過","通過","通過","通過","通過","通過","通過","通過","通過","通過","通過","通過","通過","通過","通過","通過","通過","通過","通過","通過","通過","通過","通過","通過","通過","姓名：呂慶書 李青芳 張嘉娟 薛樂蓉（經比對貴校上一學年所填資料，上述人員並未出現於本學期的教員資料表或職員(工)資料表，請確認渠等是否於113學年度第一學期（113年8月1日(含)至114年1月31日(含)）退休或因故離職等，若於該期間退休或因故離職等，應於離退教職員(工)資料表填寫資料。如非於該期間退休或因故離職，或已介聘、調至他校，請來電告知。）","通過","通過","通過","通過","離退教職員(工)資料表： 王怡心 李淑雲 魏豐閩（查貴校上一學年所填資料，上述人員未在貴校教職員(工)資料中，請確認上述人員是否於113學年度第一學期（113年8月1日(含)至114年1月31日(含)）有退休或因故離職之情形，或是否屬於貴校教職員(工)，併請確認貴校教職員工名單是否完整正確。）","通過","統計處專任教師人數：158人；本資料庫專任教師、代理教師、校長、教官、主任教官人數：162；差異百分比2.5%","通過","通過","通過","通過","通過","通過","通過","通過","通過","教員資料表之大學（學士）以上各教育階段學歷資料不完整或不正確：張云棻（碩士學位畢業系所（一）：學校行政碩士在職專班）","經本計畫複檢，仍發現共有5個可能需要修正之處，懇請貴處室協助增補，尚祈見諒！修正後的檔案需重新完成整個填報流程。如有疑問，請與本計畫人員聯繫，謝謝！"
"343302","臺北市市立大同高中","通過","通過","通過","通過","通過","通過","通過","通過","通過","通過","通過","通過","通過","通過","通過","通過","通過","通過","通過","通過","通過","通過","通過","通過","通過","通過","通過","通過","通過","通過","通過","通過","通過","通過","通過","通過","統計處專任教師人數：176人；本資料庫專任教師、代理教師、校長、教官、主任教官人數：192；差異百分比8.3%","通過","通過","通過","通過","通過","通過","通過","通過","通過","通過","經本計畫複檢，仍發現共有1個可能需要修正之處，懇請貴處室協助增補，尚祈見諒！修正後的檔案需重新完成整個填報流程。如有疑問，請與本計畫人員聯繫，謝謝！"
"343303","臺北市市立大直高中","通過","通過","通過","通過","通過","通過","通過","通過","通過","通過","通過","通過","通過","通過","通過","通過","通過","通過","通過","通過","通過","通過","通過","通過","通過","通過","通過","通過","通過","姓名：吳淑珍（經比對貴校上一學年所填資料，上述人員並未出現於本學期的教員資料表或職員(工)資料表，請確認渠等是否於113學年度第一學期（113年8月1日(含)至114年1月31日(含)）退休或因故離職等，若於該期間退休或因故離職等，應於離退教職員(工)資料表填寫資料。如非於該期間退休或因故離職，或已介聘、調至他校，請來電告知。）","通過","通過","通過","通過","通過","通過","統計處專任教師人數：152人；本資料庫專任教師、代理教師、校長、教官、主任教官人數：159；差異百分比4.4%","通過","通過","通過","通過","通過","通過","通過","通過","通過","通過","經本計畫複檢，仍發現共有2個可能需要修正之處，懇請貴處室協助增補，尚祈見諒！修正後的檔案需重新完成整個填報流程。如有疑問，請與本計畫人員聯繫，謝謝！"
"353301","臺北市市立建國中學","通過","通過","通過","通過","通過","通過","通過","通過","通過","通過","通過","通過","通過","通過","通過","通過","通過","通過","通過","通過","通過","通過","通過","通過","通過","通過","通過","通過","通過","姓名：王宏仁 王曼莉 朱伊雯 吳昌政 李宗憙 張承心 張園笙 傅俊騰 曾寶惠 謝豐如（經比對貴校上一學年所填資料，上述人員並未出現於本學期的教員資料表或職員(工)資料表，請確認渠等是否於113學年度第一學期（113年8月1日(含)至114年1月31日(含)）退休或因故離職等，若於該期間退休或因故離職等，應於離退教職員(工)資料表填寫資料。如非於該期間退休或因故離職，或已介聘、調至他校，請來電告知。）","通過","通過","通過","通過","離退教職員(工)資料表： 曾奕勛（查貴校上一學年所填資料，上述人員未在貴校教職員(工)資料中，請確認上述人員是否於113學年度第一學期（113年8月1日(含)至114年1月31日(含)）有退休或因故離職之情形，或是否屬於貴校教職員(工)，併請確認貴校教職員工名單是否完整正確。）","通過","統計處專任教師人數：204人；本資料庫專任教師、代理教師、校長、教官、主任教官人數：212；差異百分比3.8%","通過","通過","通過","通過","通過","通過","通過","通過","通過","教員資料表之大學（學士）以上各教育階段學歷資料不完整或不正確：劉燕孝（碩士學位畢業學校（一）：德州農工大學）","經本計畫複檢，仍發現共有4個可能需要修正之處，懇請貴處室協助增補，尚祈見諒！修正後的檔案需重新完成整個填報流程。如有疑問，請與本計畫人員聯繫，謝謝！"
"353302","臺北市市立成功中學","通過","通過","通過","通過","通過","通過","通過","通過","通過","通過","通過","通過","通過","通過","通過","通過","通過","通過","通過","通過","通過","通過","通過","通過","通過","通過","通過","通過","通過","通過","通過","通過","通過","通過","通過","通過","統計處專任教師人數：164人；本資料庫專任教師、代理教師、校長、教官、主任教官人數：167；差異百分比1.8%","通過","通過","通過","通過","通過","教員資料表：尤丁玫（1190801） 王秀觀（1190801） 王淑華（1190801） 王淑麗（1190801） 王義榮（1190801） 王碧珠（1140801） 古仲凱（1190801） 江俊毅（1190801） 江美儀（1190801） 吳卉蕎（1190801） 吳沛真（1140801） 吳佳樺（1140801） 吳宗晏（1190801） 吳承軒（1140801） 吳亭儀（1190801） 吳庭瑜（1190801） 呂學侃（1190801） 呂學臨（1140801） 呂蕙黛（1190801） 宋少君（1190801） 李仁展（1190801） 李仁琦（1190801） 李佳軒（1190801） 李宗蓉（1190801） 李岱融（1190801） 李岳庭（1190801） 李垂裕（1190801） 李禹璇（1190801） 李淑敏（1140801） 李雪美（1140801） 李靜慧（1190801） 杜玲均（1190801） 卓宜葶（1140801） 孟令瑤（1190801） 林世偉（1190801） 林玉靜（1190801） 林沅蓉（1190801） 林秀娟（1190801） 林其民（1190801） 林怡君（1190801） 林芷安（1140801） 林信宏（1190801） 林玲蓉（1140801） 林凱玲（1140801） 林詩螢（1190801） 邱允心（1190801） 邱廷祐（1190801） 邱怡菱（1140801） 邱俊明（1190801） 邱淑霞（1190801） 邱馨嫻（1190801） 邵奕翔（1140801） 邵瑀凡（1190801） 侯名軒（1190801） 侯佩瑜（1190801） 施朱娟（1190801） 施枚君（1140801） 施雅格（1190801） 洪安祺（1190801） 洪咨螢（1140801） 洪秋萍（1190801） 洪崇峰（1140801） 洪敬承（1190801） 洪鵬凱（1190801） 胡立諄（1190801） 胡義翎（1190801） 孫亞玲（1140801） 徐唯翔（1190801） 徐碩志（1190801） 徐錫賢（1190801） 翁成韻（1190801） 袁弘昌（1190801） 高綵苹（1190801） 張正昀（1190801） 張彣鈺（1190801） 張家豪（1190801） 張晏豪（1190801） 張淑惠（1140801） 張欽賢（1190801） 張硯香（1190801） 張筠崴（1190801） 張維仁（1140801） 張麗花（1190801） 梁順華（1190801） 莊蕙宇（1140801） 許奎文（1190801） 許為明（1190801） 許美蓮（1140801） 許家瑋（1190801） 連育賢（1190801） 郭士豪（1190801） 郭佩菁（1190801） 郭德美（1190801） 陳光耀（1190801） 陳君毅（1190801） 陳妍蓉（1140801） 陳秀蘭（1190801） 陳孟愷（1190801） 陳怡文（1140801） 陳怡如（1190801） 陳怡君（1190801） 陳冠廷（1190801） 陳姿蓉（1190801） 陳威仁（1190801） 陳彥宏（1190801） 陳美靜（1190801） 陳羿坊（1190801） 陳家蓉（1190801） 陳素娟（1140801） 陳國泰（1190801） 陳淑娟（1190801） 陳瑄聆（1190801） 陳慧君（1190801） 麥智傑（1190801） 傅怡雯（1190801） 彭士詮（1140801） 彭崇軒（1140801） 曾子綾（1190801） 曾維亭（1190801） 游振明（1190801） 游經順（1190801） 游璧如（1190801） 賀敏娟（1190801） 黃玉英（1190801） 黃欣萍（1140801） 黃亭儒（1140801） 黃昭雅（1190801） 黃琡勻（1190801） 黃羨惠（1190801） 黃鈺雅（1190801） 黃翠鳳（1140801） 黃禮廷（1140801） 楊勝勛（1140801） 楊雅雯（1190801） 楊聖怡（1190801） 楊慧娟（1140801） 葉人芝（1140801） 葉德財（1190801） 董紋進（1190801） 詹堯舜（1190801） 詹惠雯（1190801） 廖至珣（1140801） 趙彥凱（1190801） 劉子君（1140801） 劉先芸（1190801） 劉志祥（1190801） 劉佩琪（1190801） 劉俊庚（1190801） 劉奕均（1190801） 劉柏沖（1190801） 劉衍潭（1190801） 劉國莉（1190801） 劉晶晶（1190801） 劉經權（1140801） 蔡力潔（1190801） 蔡必箴（1190801） 蔡君豪（1190801） 蔡佩穎（1140801） 蔡佳芬（1190801） 蔡佳燕（1190801） 蔡昕辰（1140801） 蔡金萍（1190801） 蔡豐光（1190801） 鄭名秀（1190801） 鄭隆傑（1190801） 學牧民（1190801） 盧文顥（1190801） 賴志忠（1190801） 賴俊明（1190801） 賴信全（1190801） 賴柏聿（1190801） 戴欣怡（1190801） 戴琡蓉（1190801） 薛鈞聰（1190801） 謝素菁（1190801） 謝莉芬（1190801） 謝紫琳（1190801） 謝敬慧（1190801） 謝義孝（1190801） 謝曉青（1190801） 鍾寧（1190801） 簡杏如（1190801） 簡裕芳（1190801） 魏玉蕙（1190801） 魏蜀芬（1190801） 羅啟晃（1190801） 蘇青葉（1190801） 蘇智輝（1140801） 蘇慧珍（1190801） 鐘明祥（1140801）； 職員(工)資料表：王玉欣（1190801） 王錫祥（1190801） 江育慎（1190801） 李秀容（1190801） 李瑞好（1190801） 林玉菁（1190801） 林郁凡（1190801） 林靖文（1190801） 孫樹良（1190801） 高安弟（1190801） 張育誠（1190801） 張盈潔（1190801） 張智凱（1190801） 張雅晴（1190801） 張慶楹（1190801） 許可薇（1190801） 陳冠儒（1190801） 陳冠融（1190801） 陳苑琪（1190801） 陳淑敏（1190801） 陳暐霖（1190801） 傅天鵬（1190801） 曾淑芳（1190801） 黃友柏（1190801） 黃琬婷（1190801） 黃綉娟（1190801） 楊蕓溱（1190801） 董恩如（1190801） 詹舒涵（1190801） 劉克勤（1190801） 蔡繡鸞（1190801） 顏欣羽（1190801） 蘇嘉琪（1190801） 饒東昌（1190801）（請確認並依欄位說明修正上開人員之聘任訖日，若確實為其聘任期程之最後一日，請來電告知。）","通過","通過","通過","教員資料表之大學（學士）以上各教育階段學歷資料不完整或不正確：林玲蓉（學士學位畢業科系（一）：THEDEPARTMENTOFENGLISHLITERATURE，COLLEGEOFHUMANITIESANDSCIENCES） 陳怡文（學士學位畢業科系（一）：外國語系日語專業）","經本計畫複檢，仍發現共有3個可能需要修正之處，懇請貴處室協助增補，尚祈見諒！修正後的檔案需重新完成整個填報流程。如有疑問，請與本計畫人員聯繫，謝謝！"
"353303","臺北市市立北一女中","通過","通過","通過","通過","通過","通過","通過","通過","通過","通過","通過","通過","通過","通過","通過","通過","通過","通過","通過","通過","通過","通過","通過","通過","通過","通過","通過","通過","通過","通過","通過","通過","通過","通過","通過","通過","統計處專任教師人數：174人；本資料庫專任教師、代理教師、校長、教官、主任教官人數：179；差異百分比2.8%","通過","通過","通過","通過","通過","通過","通過","通過","通過","通過","經本計畫複檢，仍發現共有1個可能需要修正之處，懇請貴處室協助增補，尚祈見諒！修正後的檔案需重新完成整個填報流程。如有疑問，請與本計畫人員聯繫，謝謝！"
"363301","臺北市市立明倫高中","通過","通過","通過","通過","通過","通過","通過","通過","通過","通過","通過","通過","通過","通過","通過","通過","通過","通過","通過","通過","通過","通過","通過","通過","通過","通過","通過","通過","通過","通過","通過","通過","通過","通過","離退教職員(工)資料表： 田國瑞 倪超倫 傅義焜（查貴校上一學年所填資料，上述人員未在貴校教職員(工)資料中，請確認上述人員是否於113學年度第一學期（113年8月1日(含)至114年1月31日(含)）有退休或因故離職之情形，或是否屬於貴校教職員(工)，併請確認貴校教職員工名單是否完整正確。）","通過","統計處專任教師人數：117人；本資料庫專任教師、代理教師、校長、教官、主任教官人數：125；差異百分比6.4%","通過","通過","通過","通過","通過","通過","通過","通過","通過","教員資料表之大學（學士）以上各教育階段學歷資料不完整或不正確：蔡旻錡（碩士學位畢業系所（一）：學校行政碩士在職專班）","經本計畫複檢，仍發現共有3個可能需要修正之處，懇請貴處室協助增補，尚祈見諒！修正後的檔案需重新完成整個填報流程。如有疑問，請與本計畫人員聯繫，謝謝！"
"363302","臺北市市立成淵高中","通過","通過","通過","通過","通過","通過","通過","通過","通過","通過","通過","通過","通過","通過","通過","通過","通過","通過","通過","通過","通過","通過","通過","通過","通過","通過","通過","通過","通過","通過","通過","通過","通過","通過","通過","通過","統計處專任教師人數：164人；本資料庫專任教師、代理教師、校長、教官、主任教官人數：166；差異百分比1.2%","通過","通過","教員資料表：請確認該員基本資料：斐立安.法蕾萳（姓名）","通過","通過","通過","通過","通過","通過","教員資料表之大學（學士）以上各教育階段學歷資料不完整或不正確：蔡宗湶（碩士學位畢業系所（一）：學校行政碩士）； 職員(工)資料表之大學（學士）以上各教育階段學歷資料不完整或不正確：李建南（碩士學位畢業系所（一）：學校行政碩士）","經本計畫複檢，仍發現共有3個可能需要修正之處，懇請貴處室協助增補，尚祈見諒！修正後的檔案需重新完成整個填報流程。如有疑問，請與本計畫人員聯繫，謝謝！"
"373301","臺北市市立華江高中","通過","通過","通過","通過","通過","通過","通過","通過","通過","通過","通過","通過","通過","通過","通過","通過","通過","通過","通過","通過","通過","通過","通過","通過","通過","通過","通過","通過","通過","姓名：黃品雲 楊雅惠 賈雪妮 賴駿朋（經比對貴校上一學年所填資料，上述人員並未出現於本學期的教員資料表或職員(工)資料表，請確認渠等是否於113學年度第一學期（113年8月1日(含)至114年1月31日(含)）退休或因故離職等，若於該期間退休或因故離職等，應於離退教職員(工)資料表填寫資料。如非於該期間退休或因故離職，或已介聘、調至他校，請來電告知。）","通過","通過","通過","通過","離退教職員(工)資料表： 林尚節 陳春梅（查貴校上一學年所填資料，上述人員未在貴校教職員(工)資料中，請確認上述人員是否於113學年度第一學期（113年8月1日(含)至114年1月31日(含)）有退休或因故離職之情形，或是否屬於貴校教職員(工)，併請確認貴校教職員工名單是否完整正確。）","通過","統計處專任教師人數：118人；本資料庫專任教師、代理教師、校長、教官、主任教官人數：122；差異百分比3.3%","通過","通過","通過","通過","通過","通過","通過","通過","通過","通過","經本計畫複檢，仍發現共有3個可能需要修正之處，懇請貴處室協助增補，尚祈見諒！修正後的檔案需重新完成整個填報流程。如有疑問，請與本計畫人員聯繫，謝謝！"
"373302","臺北市市立大理高中","通過","通過","通過","通過","通過","通過","通過","通過","通過","通過","通過","通過","通過","通過","通過","通過","通過","通過","通過","通過","通過","通過","通過","通過","通過","通過","通過","通過","通過","通過","通過","通過","通過","通過","通過","通過","統計處專任教師人數：110人；本資料庫專任教師、代理教師、校長、教官、主任教官人數：116；差異百分比5.2%","通過","通過","通過","通過","通過","通過","通過","通過","通過","通過","經本計畫複檢，仍發現共有1個可能需要修正之處，懇請貴處室協助增補，尚祈見諒！修正後的檔案需重新完成整個填報流程。如有疑問，請與本計畫人員聯繫，謝謝！"
"383301","臺北市市立景美女中","通過","通過","通過","通過","通過","通過","通過","通過","通過","通過","通過","通過","通過","通過","通過","通過","通過","通過","通過","通過","通過","通過","通過","通過","通過","通過","通過","通過","通過","姓名：林子棠（經比對貴校上一學年所填資料，上述人員並未出現於本學期的教員資料表或職員(工)資料表，請確認渠等是否於113學年度第一學期（113年8月1日(含)至114年1月31日(含)）退休或因故離職等，若於該期間退休或因故離職等，應於離退教職員(工)資料表填寫資料。如非於該期間退休或因故離職，或已介聘、調至他校，請來電告知。）","通過","通過","通過","通過","通過","通過","統計處專任教師人數：139人；本資料庫專任教師、代理教師、校長、教官、主任教官人數：144；差異百分比3.5%","通過","通過","通過","通過","通過","通過","通過","通過","通過","教員資料表之大學（學士）以上各教育階段學歷資料不完整或不正確：周寤竹（碩士學位畢業系所（一）：學校行政研究所）","經本計畫複檢，仍發現共有3個可能需要修正之處，懇請貴處室協助增補，尚祈見諒！修正後的檔案需重新完成整個填報流程。如有疑問，請與本計畫人員聯繫，謝謝！"
"383302","臺北市市立萬芳高中","通過","通過","通過","通過","通過","通過","通過","通過","通過","通過","通過","通過","通過","通過","通過","通過","通過","通過","通過","通過","通過","通過","通過","通過","通過","通過","通過","通過","通過","通過","通過","通過","通過","通過","通過","通過","統計處專任教師人數：140人；本資料庫專任教師、代理教師、校長、教官、主任教官人數：143；差異百分比2.1%","通過","通過","通過","通過","通過","通過","通過","通過","通過","通過","經本計畫複檢，仍發現共有1個可能需要修正之處，懇請貴處室協助增補，尚祈見諒！修正後的檔案需重新完成整個填報流程。如有疑問，請與本計畫人員聯繫，謝謝！"
"383303","臺北市市立數位實驗高中","尚待增補之學校主管：學務處主管 輔導室主管 圖書館主管 人事室主管（請確認是否填報完整名單，倘貴校上開主任尚未到職，請來電告知）","通過","通過","通過","通過","通過","通過","通過","通過","通過","通過","通過","通過","通過","通過","通過","通過","通過","通過","通過","通過","通過","通過","通過","通過","通過","通過","通過","通過","通過","通過","通過","通過","通過","通過","通過","統計處專任教師人數：26人；本資料庫專任教師、代理教師、校長、教官、主任教官人數：26；差異百分比0.0%","通過","通過","通過","通過","通過","通過","通過","通過","通過","通過","經本計畫複檢，仍發現共有2個可能需要修正之處，懇請貴處室協助增補，尚祈見諒！修正後的檔案需重新完成整個填報流程。如有疑問，請與本計畫人員聯繫，謝謝！"
"383401","臺北市市立木柵高工","通過","通過","通過","通過","通過","通過","通過","通過","通過","通過","通過","通過","通過","教員資料表需修改聘任科別(括號內為該員所對應之聘任科別欄位內容)：何奕漢（機械群）（請依欄位說明，修正聘任科別中文名稱。）","通過","通過","通過","通過","通過","通過","通過","通過","通過","通過","通過","通過","通過","通過","通過","姓名：楊欣琪（經比對貴校上一學年所填資料，上述人員並未出現於本學期的教員資料表或職員(工)資料表，請確認渠等是否於113學年度第一學期（113年8月1日(含)至114年1月31日(含)）退休或因故離職等，若於該期間退休或因故離職等，應於離退教職員(工)資料表填寫資料。如非於該期間退休或因故離職，或已介聘、調至他校，請來電告知。）","通過","通過","通過","通過","通過","通過","統計處專任教師人數：169人；本資料庫專任教師、代理教師、校長、教官、主任教官人數：157；差異百分比-7.6%","通過","通過","通過","通過","通過","通過","通過","通過","通過","通過","經本計畫複檢，仍發現共有3個可能需要修正之處，懇請貴處室協助增補，尚祈見諒！修正後的檔案需重新完成整個填報流程。如有疑問，請與本計畫人員聯繫，謝謝！"
"393301","臺北市市立南港高中","通過","通過","通過","通過","通過","通過","通過","通過","通過","通過","通過","通過","通過","通過","通過","通過","通過","通過","通過","通過","通過","通過","教員資料表之行政職資料不完整或不正確：陸湘怡（兼任行政職服務單位(一)：補校訓導組 兼任行政職職稱(一)：組長） 謝蕙蓉（兼任行政職服務單位(一)：補校教務組 兼任行政職職稱(一)：組長）
（教員資料表之各兼任行政職資料不完整或不正確：請依欄位說明確認並正確填列各級行政單位名稱；如為二級單位主管，請同時敘明一級與二級單位名稱，如教務處教學組，學生事務處生活輔導組。若編制並未設組，請來電告知。）； 職員(工)資料表之行政職資料不完整或不正確：李承運（職務名稱：專任行政助理(臨時人員)）
（請再協助確認上述人員職務正確完整名稱）","通過","通過","通過","教員資料表：謝雅苓（請確認上述人員是否退休、退伍或因故離職，若是，則不需填列至本次教員資料表或職員（工）資料表，並請依欄位說明確認離退職類別）","通過","通過","姓名：李欣燕 邱禾倫 莊銘宏 蔡淑芳（經比對貴校上一學年所填資料，上述人員並未出現於本學期的教員資料表或職員(工)資料表，請確認渠等是否於113學年度第一學期（113年8月1日(含)至114年1月31日(含)）退休或因故離職等，若於該期間退休或因故離職等，應於離退教職員(工)資料表填寫資料。如非於該期間退休或因故離職，或已介聘、調至他校，請來電告知。）","通過","通過","通過","通過","離退教職員(工)資料表： 忻凌琳 謝雅苓（查貴校上一學年所填資料，上述人員未在貴校教職員(工)資料中，請確認上述人員是否於113學年度第一學期（113年8月1日(含)至114年1月31日(含)）有退休或因故離職之情形，或是否屬於貴校教職員(工)，併請確認貴校教職員工名單是否完整正確。）","通過","統計處專任教師人數：157人；本資料庫專任教師、代理教師、校長、教官、主任教官人數：160；差異百分比1.9%","通過","通過","通過","通過","通過","通過","請確認該員之「本校到職日期」、「本校任職需扣除之年資」，職員(工)資料表：謝幸真1130302到職（到職至資料基準日為0年7個月，但扣除年資為0年7個月）","通過","通過","職員(工)資料表之大學（學士）以上各教育階段學歷資料不完整或不正確：謝鎧旭（碩士學位畢業系所（一）：學校行政碩士）","經本計畫複檢，仍發現共有7個可能需要修正之處，懇請貴處室協助增補，尚祈見諒！修正後的檔案需重新完成整個填報流程。如有疑問，請與本計畫人員聯繫，謝謝！"
"393302","臺北市市立育成高中","通過","通過","通過","通過","通過","通過","通過","通過","通過","通過","通過","通過","通過","通過","通過","通過","通過","通過","通過","通過","通過","通過","通過","通過","通過","通過","通過","通過","通過","姓名：李沂羲 莊景智 陳建平 廖沚懷（經比對貴校上一學年所填資料，上述人員並未出現於本學期的教員資料表或職員(工)資料表，請確認渠等是否於113學年度第一學期（113年8月1日(含)至114年1月31日(含)）退休或因故離職等，若於該期間退休或因故離職等，應於離退教職員(工)資料表填寫資料。如非於該期間退休或因故離職，或已介聘、調至他校，請來電告知。）","通過","通過","通過","通過","通過","通過","統計處專任教師人數：139人；本資料庫專任教師、代理教師、校長、教官、主任教官人數：142；差異百分比2.1%","通過","通過","通過","通過","通過","職員(工)資料表：楊莉莉（1140831）（請確認並依欄位說明修正上開人員之聘任訖日，若確實為其聘任期程之最後一日，請來電告知。）","通過","通過","通過","教員資料表之大學（學士）以上各教育階段學歷資料不完整或不正確：林倩穗（學士學位畢業學校（一）：日本國立熊本商科大學）","經本計畫複檢，仍發現共有4個可能需要修正之處，懇請貴處室協助增補，尚祈見諒！修正後的檔案需重新完成整個填報流程。如有疑問，請與本計畫人員聯繫，謝謝！"
"393401","臺北市市立南港高工","通過","通過","通過","通過","通過","通過","通過","通過","通過","通過","通過","通過","通過","通過","通過","通過","通過","通過","通過","通過","通過","通過","職員(工)資料表之行政職資料不完整或不正確：余大維（服務單位：學安室） 余明霖（服務單位：學安室） 林俊緯（服務單位：學安室） 陳新昀（服務單位：學安室） 陳曉樺（服務單位：學安室） 鄭宇翔（服務單位：學安室） 鍾榮順（服務單位：學安室）
（請再協助確認上述人員職務正確完整名稱）","通過","通過","通過","通過","通過","通過","通過","通過","通過","通過","通過","通過","通過","統計處專任教師人數：199人；本資料庫專任教師、代理教師、校長、教官、主任教官人數：197；差異百分比-1.0%","通過","通過","通過","通過","通過","通過","通過","通過","通過","通過","經本計畫複檢，仍發現共有2個可能需要修正之處，懇請貴處室協助增補，尚祈見諒！修正後的檔案需重新完成整個填報流程。如有疑問，請與本計畫人員聯繫，謝謝！"
"403301","臺北市市立內湖高中","通過","通過","通過","通過","通過","通過","通過","通過","通過","通過","通過","通過","通過","通過","通過","通過","通過","通過","通過","通過","通過","通過","通過","通過","通過","通過","通過","通過","通過","姓名：李玫 李錦慧 林貞均 林素娥 茆健忠 許英修 陳昭瑋 陳華姿 曾羽龍（經比對貴校上一學年所填資料，上述人員並未出現於本學期的教員資料表或職員(工)資料表，請確認渠等是否於113學年度第一學期（113年8月1日(含)至114年1月31日(含)）退休或因故離職等，若於該期間退休或因故離職等，應於離退教職員(工)資料表填寫資料。如非於該期間退休或因故離職，或已介聘、調至他校，請來電告知。）","通過","通過","通過","通過","離退教職員(工)資料表： 張文駿 黃竣貿（查貴校上一學年所填資料，上述人員未在貴校教職員(工)資料中，請確認上述人員是否於113學年度第一學期（113年8月1日(含)至114年1月31日(含)）有退休或因故離職之情形，或是否屬於貴校教職員(工)，併請確認貴校教職員工名單是否完整正確。）","通過","統計處專任教師人數：138人；本資料庫專任教師、代理教師、校長、教官、主任教官人數：140；差異百分比1.4%","通過","通過","通過","通過","通過","通過","通過","通過","通過","通過","經本計畫複檢，仍發現共有3個可能需要修正之處，懇請貴處室協助增補，尚祈見諒！修正後的檔案需重新完成整個填報流程。如有疑問，請與本計畫人員聯繫，謝謝！"
"403302","臺北市市立麗山高中","通過","通過","通過","通過","通過","通過","通過","通過","通過","通過","通過","通過","通過","通過","通過","通過","通過","通過","通過","通過","通過","通過","通過","通過","教員資料表需核對「本校到職日期」：朱倩怡（兼任教師 到職日:1110831） 何米玥（長期代課教師 到職日:1110923） 莊蕙宇（兼任教師 到職日:1110830） 許家豪（長期代課教師 到職日:1110830）
（請依欄位說明，再協助確認是否為本次任職聘書/聘約之到職日期。）
","通過","通過","通過","通過","姓名：李秀惠 隆世秀（經比對貴校上一學年所填資料，上述人員並未出現於本學期的教員資料表或職員(工)資料表，請確認渠等是否於113學年度第一學期（113年8月1日(含)至114年1月31日(含)）退休或因故離職等，若於該期間退休或因故離職等，應於離退教職員(工)資料表填寫資料。如非於該期間退休或因故離職，或已介聘、調至他校，請來電告知。）","通過","通過","通過","通過","離退教職員(工)資料表： 呂雅玲（查貴校上一學年所填資料，上述人員未在貴校教職員(工)資料中，請確認上述人員是否於113學年度第一學期（113年8月1日(含)至114年1月31日(含)）有退休或因故離職之情形，或是否屬於貴校教職員(工)，併請確認貴校教職員工名單是否完整正確。）","通過","統計處專任教師人數：85人；本資料庫專任教師、代理教師、校長、教官、主任教官人數：89；差異百分比4.5%","通過","通過","通過","通過","通過","通過","通過","通過","通過","通過","經本計畫複檢，仍發現共有4個可能需要修正之處，懇請貴處室協助增補，尚祈見諒！修正後的檔案需重新完成整個填報流程。如有疑問，請與本計畫人員聯繫，謝謝！"
"403303","臺北市市立南湖高中","通過","通過","通過","通過","通過","通過","通過","通過","通過","通過","通過","通過","通過","通過","通過","通過","通過","通過","通過","通過","通過","通過","通過","通過","通過","通過","通過","通過","通過","姓名：李小蘭 陳秀慧 盧慧娜（經比對貴校上一學年所填資料，上述人員並未出現於本學期的教員資料表或職員(工)資料表，請確認渠等是否於113學年度第一學期（113年8月1日(含)至114年1月31日(含)）退休或因故離職等，若於該期間退休或因故離職等，應於離退教職員(工)資料表填寫資料。如非於該期間退休或因故離職，或已介聘、調至他校，請來電告知。）","通過","通過","通過","通過","通過","通過","統計處專任教師人數：116人；本資料庫專任教師、代理教師、校長、教官、主任教官人數：118；差異百分比1.7%","通過","通過","通過","通過","通過","通過","通過","通過","通過","通過","經本計畫複檢，仍發現共有2個可能需要修正之處，懇請貴處室協助增補，尚祈見諒！修正後的檔案需重新完成整個填報流程。如有疑問，請與本計畫人員聯繫，謝謝！"
"403401","臺北市市立內湖高工","通過","通過","通過","通過","通過","通過","通過","通過","通過","通過","通過","通過","通過","通過","通過","通過","通過","通過","通過","通過","通過","通過","通過","通過","通過","通過","通過","通過","通過","姓名：林宴如 蘇之凡（經比對貴校上一學年所填資料，上述人員並未出現於本學期的教員資料表或職員(工)資料表，請確認渠等是否於113學年度第一學期（113年8月1日(含)至114年1月31日(含)）退休或因故離職等，若於該期間退休或因故離職等，應於離退教職員(工)資料表填寫資料。如非於該期間退休或因故離職，或已介聘、調至他校，請來電告知。）","通過","通過","通過","通過","通過","通過","統計處專任教師人數：177人；本資料庫專任教師、代理教師、校長、教官、主任教官人數：177；差異百分比0.0%","通過","通過","通過","通過","通過","通過","通過","通過","通過","教員資料表之大學（學士）以上各教育階段學歷資料不完整或不正確：林榆真（碩士學位畢業系所（一）：英語專業溝通與教學科技研究所）","經本計畫複檢，仍發現共有3個可能需要修正之處，懇請貴處室協助增補，尚祈見諒！修正後的檔案需重新完成整個填報流程。如有疑問，請與本計畫人員聯繫，謝謝！"
"413301","臺北市市立陽明高中","通過","通過","通過","通過","通過","通過","通過","通過","通過","通過","通過","通過","通過","通過","通過","通過","通過","通過","通過","通過","通過","通過","通過","通過","通過","通過","通過","通過","通過","通過","通過","通過","通過","通過","通過","通過","統計處專任教師人數：153人；本資料庫專任教師、代理教師、校長、教官、主任教官人數：153；差異百分比0.0%","通過","通過","通過","通過","通過","通過","通過","通過","通過","教員資料表之大學（學士）以上各教育階段學歷資料不完整或不正確：程維煌（碩士學位畢業系所（一）：學校行政碩士在職專班）","經本計畫複檢，仍發現共有2個可能需要修正之處，懇請貴處室協助增補，尚祈見諒！修正後的檔案需重新完成整個填報流程。如有疑問，請與本計畫人員聯繫，謝謝！"
"413302","臺北市市立百齡高中","尚待增補之學校主管：人事室主管（請確認是否填報完整名單，倘貴校上開主任尚未到職，請來電告知）","通過","通過","通過","通過","通過","通過","通過","通過","通過","通過","通過","通過","通過","通過","通過","通過","通過","通過","通過","通過","通過","通過","通過","通過","通過","通過","通過","通過","姓名：古舒芬 吳玉梅 吳榮修 林妍孜 林祖宏 姚晉雯 修純慧 喬久娟 黃素琴 詹忠宏（經比對貴校上一學年所填資料，上述人員並未出現於本學期的教員資料表或職員(工)資料表，請確認渠等是否於113學年度第一學期（113年8月1日(含)至114年1月31日(含)）退休或因故離職等，若於該期間退休或因故離職等，應於離退教職員(工)資料表填寫資料。如非於該期間退休或因故離職，或已介聘、調至他校，請來電告知。）","通過","通過","通過","通過","通過","通過","統計處專任教師人數：157人；本資料庫專任教師、代理教師、校長、教官、主任教官人數：161；差異百分比2.5%","通過","通過","通過","通過","通過","通過","通過","通過","通過","教員資料表之大學（學士）以上各教育階段學歷資料不完整或不正確：吳淑楨（碩士學位畢業系所（一）：社會教育學系學校圖書館行政班）","經本計畫複檢，仍發現共有4個可能需要修正之處，懇請貴處室協助增補，尚祈見諒！修正後的檔案需重新完成整個填報流程。如有疑問，請與本計畫人員聯繫，謝謝！"
"413401","臺北市市立士林高商","通過","通過","通過","通過","通過","通過","通過","通過","通過","通過","通過","通過","請確認該員之「本校到職日期」、「本校任職需扣除之年資」、「本校到職前學校服務總年資」，職員(工)資料表：黃玉婷48歲，但學校工作總年資有32年（約16歲開始工作）","通過","通過","通過","通過","通過","通過","通過","通過","通過","通過","通過","通過","通過","通過","通過","通過","姓名：余熒熒 巫曉芸 李瓊雲 洪子傑 洪華廷 陳婉寧 黃子恩（經比對貴校上一學年所填資料，上述人員並未出現於本學期的教員資料表或職員(工)資料表，請確認渠等是否於113學年度第一學期（113年8月1日(含)至114年1月31日(含)）退休或因故離職等，若於該期間退休或因故離職等，應於離退教職員(工)資料表填寫資料。如非於該期間退休或因故離職，或已介聘、調至他校，請來電告知。）","通過","通過","通過","通過","離退教職員(工)資料表： 郭豐銓 陳澤榮（查貴校上一學年所填資料，上述人員未在貴校教職員(工)資料中，請確認上述人員是否於113學年度第一學期（113年8月1日(含)至114年1月31日(含)）有退休或因故離職之情形，或是否屬於貴校教職員(工)，併請確認貴校教職員工名單是否完整正確。）","通過","統計處專任教師人數：195人；本資料庫專任教師、代理教師、校長、教官、主任教官人數：196；差異百分比0.5%","通過","通過","通過","通過","通過","通過","通過","通過","通過","通過","經本計畫複檢，仍發現共有4個可能需要修正之處，懇請貴處室協助增補，尚祈見諒！修正後的檔案需重新完成整個填報流程。如有疑問，請與本計畫人員聯繫，謝謝！"
"423301","臺北市市立復興高中","通過","通過","通過","通過","通過","通過","通過","通過","通過","通過","通過","通過","通過","通過","通過","通過","通過","通過","通過","通過","通過","通過","通過","通過","通過","通過","通過","通過","通過","通過","通過","通過","通過","通過","通過","通過","統計處專任教師人數：161人；本資料庫專任教師、代理教師、校長、教官、主任教官人數：166；差異百分比3.0%","通過","通過","通過","通過","通過","教員資料表：王恩誠（1170731） 王珮如（1170731） 王唯馨（1180731） 朱元文（1170731） 朱育萱（1170731） 江宜倩（1170731） 江明峯（1170731） 何儒育（1180731） 李永成（1160731） 李明哲（1160731） 李慈雲（1170731） 李嘉盈（1150731） 杜欣欣（1160731） 汪榮先（1170731） 卓純華（1160731） 周佳豪（1160731） 周孟萱（1180731） 周淑梅（1170731） 林文健（1170731） 林育瑜（1180731） 林冠瑩（1180731） 林舒婷（1180731） 林憶伶（1160731） 姜至上（1170731） 姜韻秋（1180731） 胡立雯（1170731） 范瓊方（1180731） 倪雅萍（1150731） 孫俊彥（1160731） 孫國安（1170731） 高東榆（1180731） 張之又（1160731） 張正男（1160731） 張芸芳（1160731） 張彥婷（1160731） 張家晟（1160731） 張嘉純（1160731） 許仁杰（1170731） 許世煌（1180731） 郭文沁（1160731） 郭玲彣（1180731） 陳子弘（1180731） 陳月珠（1170731） 陳可欣（1160731） 陳治宇（1160731） 陳思珮（1160731） 陳進成（1170731） 陳綉珠（1170731） 陳瓏元（1180731） 單思寧（1180731） 游采珮（1160731） 黃利千（1160731） 黃姿陵（1180731） 黃珮瑄（1180731） 黃敏惠（1180731） 黃淑宜（1170731） 黃雯琪（1180731） 黃煥棋（1180731） 黃靄倫（1170731） 楊語庭（1180731） 葉子彥（1160731） 詹博聞（1160731） 劉孝卿（1170731） 劉俞嫺（1180731） 劉曾兆（1170731） 劉鑠榮（1180731） 蔡兆陽（1160731） 蔡明勳（1180731） 蔡銘晃（1180731） 鄧仁川（1170731） 鄭伊婷（1180731） 鄭雅尹（1170731） 鄭慧敏（1160731） 謝育臻（1170731） 謝俐婷（1160731） 謝綉華（1160731）（請確認並依欄位說明修正上開人員之聘任訖日，若確實為其聘任期程之最後一日，請來電告知。）","通過","通過","通過","通過","經本計畫複檢，仍發現共有2個可能需要修正之處，懇請貴處室協助增補，尚祈見諒！修正後的檔案需重新完成整個填報流程。如有疑問，請與本計畫人員聯繫，謝謝！"
"423302","臺北市市立中正高中","通過","通過","通過","通過","教員資料表：張炳森（0270315）（請確認出生年月日是否正確）","通過","通過","通過","通過","通過","通過","通過","請確認該員之「本校到職日期」、「本校任職需扣除之年資」、「本校到職前學校服務總年資」，教員資料表：張炳森87歲，但學校工作總年資有1年（約86歲開始工作）","通過","通過","通過","通過","通過","通過","通過","通過","通過","職員(工)資料表之行政職資料不完整或不正確：謝佩儒（職務名稱：學習歷程檔案充實人力）
（請再協助確認上述人員職務正確完整名稱）","通過","通過","通過","通過","通過","通過","通過","通過","通過","通過","通過","離退教職員(工)資料表： 周明樂 黃業建（查貴校上一學年所填資料，上述人員未在貴校教職員(工)資料中，請確認上述人員是否於113學年度第一學期（113年8月1日(含)至114年1月31日(含)）有退休或因故離職之情形，或是否屬於貴校教職員(工)，併請確認貴校教職員工名單是否完整正確。）","通過","統計處專任教師人數：167人；本資料庫專任教師、代理教師、校長、教官、主任教官人數：175；差異百分比4.6%","通過","通過","通過","通過","通過","通過","通過","通過","通過","教員資料表之大學（學士）以上各教育階段學歷資料不完整或不正確：郭婷婷（碩士學位畢業系所（一）：學校行政研究所）","經本計畫複檢，仍發現共有6個可能需要修正之處，懇請貴處室協助增補，尚祈見諒！修正後的檔案需重新完成整個填報流程。如有疑問，請與本計畫人員聯繫，謝謝！"
